,Tamaño_muestra_votos,Error_maximo_q_025,Error_maximo_mediana,Error_maximo_q_975,Intervalo_M_grande_candidato_nom,Intervalo_M_grande_candidato_cob,Intervalo_M_grande_inter_q_025,Intervalo_M_grande_inter_mediana,Intervalo_M_grande_inter_q_975,Cobertura_m_candidato_nom,Cobertura_m_candidato,Cobertura_m_inter_q_025,Cobertura_m_inter_mediana,Cobertura_m_inter_q_975,Cob_JOAQUIN_DIAZ_MENA,Cob_RENAN_BARRERA_CONCHA,Cob_VIDA_ARAVARI_GOMEZ_HERRERA,Cob_VOTOS_NULOS_CAND_NO_REGIS,Cob_YAMIL_JASMIN_LOPEZ_MANRIQUE
0,500.0,0.005108635645384547,0.01892866463466165,0.05283881589882397,JOAQUIN_DIAZ_MENA,0.943,0.07692983973318057,0.08213671022161867,0.08755789747606599,YAMIL_JASMIN_LOPEZ_MANRIQUE,0.908,0.0,0.010685647320859554,0.018696121242512912,0.943,0.933,0.937,0.934,0.908
1,1000.0,0.003542038742057085,0.013885867498125037,0.037789708326233004,JOAQUIN_DIAZ_MENA,0.937,0.05590806933183547,0.059334436152277376,0.06300383180799705,YAMIL_JASMIN_LOPEZ_MANRIQUE,0.936,0.003768672219509128,0.008418890205285953,0.012047590487051334,0.937,0.958,0.941,0.945,0.936
2,2000.0,0.0026481617156436515,0.009464508538571885,0.026609655535321387,JOAQUIN_DIAZ_MENA,0.948,0.03996286500490009,0.042452960858790884,0.04509819000237292,RENAN_BARRERA_CONCHA,0.937,0.03919683522091088,0.041770630755604415,0.04448113770441237,0.948,0.937,0.953,0.943,0.939
3,4000.0,0.0017786172107745145,0.006523851106352008,0.018249822155559405,JOAQUIN_DIAZ_MENA,0.951,0.02840441845188143,0.03018290890198433,0.03193756196231607,VOTOS_NULOS_CAND_NO_REGIS,0.934,0.007807918074876383,0.008866572485395815,0.009982201714441682,0.951,0.95,0.938,0.934,0.939
4,5000.0,0.0018337244629903604,0.006130895712123496,0.016236242471510055,JOAQUIN_DIAZ_MENA,0.953,0.025492466389278795,0.027035722548745006,0.02863114284924296,YAMIL_JASMIN_LOPEZ_MANRIQUE,0.938,0.0031125987941863116,0.003948949974986359,0.004753144410085141,0.953,0.951,0.946,0.956,0.938
5,10000.0,0.0011779216997036828,0.004210907043818962,0.011512822104781245,JOAQUIN_DIAZ_MENA,0.952,0.018155414119072205,0.01920636339298676,0.02032717305184489,RENAN_BARRERA_CONCHA,0.941,0.017864502405526266,0.01895032769138122,0.020099307656824904,0.952,0.941,0.943,0.947,0.944
6,20000.0,0.0008153646260764615,0.002938654840996341,0.008497922453428326,JOAQUIN_DIAZ_MENA,0.945,0.01289405448740447,0.013657300233001879,0.014500891828908484,YAMIL_JASMIN_LOPEZ_MANRIQUE,0.938,0.0017749964036101033,0.0020014620917035947,0.0022317184704505376,0.945,0.943,0.95,0.941,0.938
